title,price,rating,availability
PlayStation®5 console (slim) with EA SPORTS College Football 25,$567.17,4.8 out of 5 stars,In Stock
PlayStation 5 Digital Edition - CFI-1102B,$533.00,4.7 out of 5 stars,Only 10 left in stock - order soon.
$150 PlayStation Store Gift Card [Digital Code],,4.7 out of 5 stars,Available now
$250 PlayStation Store Gift Card [Digital Code],,4.7 out of 5 stars,Available now
PlayStation DualSense Wireless Controller – Gray Camouflage,,4.8 out of 5 stars,In Stock
"PS5 Slim Stand and Cooling Station with Dual Controller Charging Station for PlayStation 5 Slim Disc/Digital, Vertical Cooling Stand with 2 Headset Holder, 3 USB Hubs",$24.99,4.4 out of 5 stars,In Stock
EA SPORTS College Football 25 - PlayStation 5,,4.5 out of 5 stars,In Stock
"Game Console Backpack Compatible with Sony PlayStation 5 Console, Protective Travel Carrying Case for PS5 with USB Port for Headset,Game Discs and Accessories",$29.99,4.0 out of 5 stars,In Stock
$200 PlayStation Store Gift Card [Digital Code],,4.7 out of 5 stars,Available now
"WD_BLACK 2TB SN850P NVMe M.2 SSD Officially Licensed Storage Expansion for PS5 Consoles, up to 7,300MB/s, with heatsink - WDBBYV0020BNC-WRSN",,4.8 out of 5 stars,In Stock
"PS5 Controller Charger Station Compatible with Playstation 5 Skin Edge & Dual Controller, 9 RGB LED Light PS5 Accessories Charging Station, PS5 Charging Dock Stand with LED Indicators & Charging Cable",$12.99,4.6 out of 5 stars,In Stock
"PS5 Slim Stand and Turbo Cooling Station with Dual Controller Charger Station for Playstation 5, PS5 Console Accessories with 3 Levels Cooling Fan 13-Game Organizer Headset Holder for PS5 Digital/Disc",$33.99,4.6 out of 5 stars,In Stock
NBA 2K25 - PlayStation 5,,Previous page of related Sponsored Products,In Stock
"Logitech G29 Driving Force Racing Wheel and Floor Pedals, Real Force Feedback, Stainless Steel Paddle Shifters, Leather Steering Wheel Cover for PS5, PS4, PC, Mac - Black",,4.6 out of 5 stars,Not Available
PlayStation®5 console (slim),$489.07,4.7 out of 5 stars,Only 5 left in stock - order soon.
"Playstation 5 Disc Version PS5 Console - 4K-TV Gaming.120Hz 8K Output, 16GB GDDR6, 825GB. SSD, WiFi 6, Bluetooth *5.1",,5.0 out of 5 stars,Not Available
"Ps5 Slim Console Cooling Station,Ps5 Slim(Disc & Digital Editions) Stand Accessories with 2 Cooling Fan&2 Controller Charging Station,PlayStation 5 Cooling Stand with RGB Light,Headset Holder,3 USB",$42.99,4.5 out of 5 stars,In Stock
PlayStation 5 Digital Edition – Marvel’s Spider-Man 2 Bundle (Slim),,4.8 out of 5 stars,Not Available
"G-STORY Carrying Travel Bag, Case Storage Compatible with Playstation 5 Console, with Zinc Alloy Zippers for Console, Controllers and Accessories, One Controller Skin is Included",$54.99,4.5 out of 5 stars,In Stock
"Vertical Stand for PS5/PS5 Slim Consoles, PlayStation 5 Vertical Stand with 7 RGB Lights for PS5 Digital/PS5 Disc, PS5 Slim Digital/PS5 Slim Disc with Screw, Black",$18.99,4.7 out of 5 stars,In Stock
"[Faceplate for PS5 Plate Slim Disc Edition] - NOWSKINS Superhero Spider - Man 2 Plates for PS5 Console Cover Plates, Premium Faceplate Shell Covers for PlayStation 5 Slim PS5 Cover Plate Disc Edition",$56.99,4.7 out of 5 stars,In Stock
"Wireless Gaming Headset for PS5, PS4, PC, Mac, Switch, 2.4GHz Gaming Headsets with Bluetooth 5.4, Hidden ENC Noise Canceling Mic, 35H Battery, 3D Spatial Sound, 3.5mm Wired",$29.99,4.9 out of 5 stars,In Stock
"Gaming Headsets Wireless for PS5, PS4, Nintendo Switch, Bluetooth 5.3 Gaming Headphones Wireless with Noise Canceling MIC, 50H Battery, ONLY 3.5mm Wired Mode for Xbox Series - Green",,4.7 out of 5 stars,In Stock
"Fachixy「2024 New」FC200 Gaming Headset with Mic for PS4/PS5/PC/Mac/Xbox One, Noise Canceling Headset with Stereo Microphone Sound, Computer Headset with 3.5mm Jack & RGB Light",,4.4 out of 5 stars,In Stock
"2.4GHz Wireless Gaming Headset with Wired Mode, 5.4 Bluetooth Wireless Gaming Headphones for PS5, PS4, PC, Switch, Mac, Computer, PS5 Headset for Gaming, with Mic, LED, Low Latency, White",$29.99,4.3 out of 5 stars,In Stock
"fanxiang S880 NVMe SSD 2TB, PCIe 4.0 M.2 2280 Gaming SSD, Seq. Read Speeds UP to 7300MB/s, Internal Solid State Drive for PS5 Enthusiasts, High End Computing, Gaming",$129.99,4.7 out of 5 stars,In Stock
